group,case,synthetic_tokens_s,tokens_per_event,events_s,delta_event_bytes,content_B_s_per_stream,sse_B_s_per_stream,terminal_body_bytes_per_stream,tls_ciphertext_bytes,terminal_capture_p95_ms,terminal_capture_max_ms,streaming_gap_p95_events,streaming_gap_max_events,fixture_schedule_max_late_ms,payload,warm,rate,receive_buffer,host_cap,local_stream_cap,server_stream_cap,known_length,burst,n,protocol,strategy,delay_us,stall_ms,slots,cache,capture_seconds,verified_bytes,verified_MiB_s,control_samples,control_p95_ms,control_max_ms,generator_lateness_max_ms,callback_max_ms,perform_max_ms,unpause_max_ms,write_max_ms,queue_peak_bytes,curl_live_sample_max,tls_live_sample_max,curl_peak,tls_peak,process_physical_highwater,idle_physical,idle_curl_live,idle_tls_live,idle_fds,new_connections,resumed_new_connections,full_handshakes,new_connection_setup_mean_ms,handshake_phase_mean_ms,cpu_seconds,mean_cpu_cores
research/transport-memory/paced-results,slow50-unlimited,50,5,10,136,200,1360,2133,16667879,72.982,76.064,1,1,2.698,15733,0,0,16384,1,1000,1000,0,0,1000,2,2,0,0,16,16,10.228171,15733000,1.4669443852688355,511,1.037,7.615,15.004,0.832,18.113,0.446,7.815,36304,36419547,673471,36661487,710454,43992128,38208576,10612442,673471,9,1,0,1,6.483,3.775,6.34922,0.6207581003485374
research/transport-memory/paced-results,slow50-rate8k,50,5,10,136,200,1360,2133,16667936,50.917,51.961,1,1,0.567,15733,0,8192,16384,1,1000,1000,0,0,1000,2,2,0,0,16,16,10.171859,15733000,1.4750654742677354,508,1.279,2.097,15.016,0.054,12.822,2.144,9.745999999999999,36304,36421004,673487,36661184,710454,45646912,45614144,10612459,673487,9,1,0,1,5.77,3.59,6.058390999999999,0.5956031242666655
research/transport-memory/paced-results,slow50-rate32k,50,5,10,136,200,1360,2133,16667914,58.697,60.386,1,1,0.511,15733,0,32768,16384,1,1000,1000,0,0,1000,2,2,0,0,16,16,10.186906,15733000,1.4728866664735623,510,1.16,2.4,14.842,0.089,16.643,0.09899999999999999,7.590999999999999,36304,36422730,673471,36661150,710454,45712512,37733504,10612425,673471,9,1,0,1,5.884,3.645,6.612678,0.649135075949459
research/transport-memory/paced-results,normal100-unlimited,100,5,20,136,400,2720,4133,33190376,67.417,69.632,1,1,0.511,31333,0,0,16384,1,1000,1000,0,0,1000,2,2,0,0,16,16,10.196958,31333000,2.9304305613455535,510,0.913,10.965,14.853,0.056,12.947000000000001,0.627,10.699,68304,36421644,673487,36661504,710454,46712000,42648768,10612459,673487,9,1,0,1,5.548,3.4,8.54673,0.8381646761710698
research/transport-memory/paced-results,normal100-rate8k,100,5,20,136,400,2720,4133,33190376,67.168,69.352,1,1,1.167,31333,0,8192,16384,1,1000,1000,0,0,1000,2,2,0,0,16,16,10.193128,31333000,2.931531651123878,510,1.178,1.82,14.924,0.082,15.25,0.13699999999999998,9.334,68304,36422890,673471,36661150,710454,46302336,46269568,10612425,673471,9,1,0,1,6.139,3.61,6.942794,0.6811249696854587
research/transport-memory/paced-results,normal100-rate32k,100,5,20,136,400,2720,4133,33190398,73.239,75.624,1,2,0.608,31333,0,32768,16384,1,1000,1000,0,0,1000,2,2,0,0,16,16,10.204239,31333000,2.9283396200301692,510,1.007,17.48,15.044,0.855,21.562,0.1,20.410999999999998,68304,36422107,673487,36661167,710454,45909248,42910976,10612442,673487,9,1,0,1,5.915,3.629,9.599642000000001,0.9407504077472119
research/transport-memory/paced-results,fast1000-batched-unlimited,1000,50,20,316,4000,6320,40133,105305163,187.62,191.026,3,6,7.238,103333,0,0,16384,1,1000,1000,0,0,1000,2,2,0,0,16,16,10.333368,103333000,9.536680406350285,517,1.228,21.434,18.387,2.2390000000000003,22.797,2.251,9.972,262144,41362663,673471,55607677,710454,87099072,63407808,10612425,673471,9,1,0,1,6.219,3.819,9.087622,0.879444339928666
research/transport-memory/paced-results,fast1000-batched-rate8k,1000,50,20,316,4000,6320,40133,105325445,3970.95,4863.83,1,1,0.915,103333,0,8192,16384,1,1000,1000,0,0,1000,2,2,0,0,16,16,14.982889,103333000,6.577238083870676,749,1.222,8.043,24.394,0.503,13.238,0.784,6.772,131072,36419530,673471,36661150,710454,51266752,48383168,10612425,673471,9,1,0,1,6.111,3.656,7.057605000000001,0.4710443359755252
research/transport-memory/paced-results,fast1000-batched-rate32k,1000,50,20,316,4000,6320,40133,105305838,980.95,982.117,1,1,0.663,103333,0,32768,16384,1,1000,1000,0,0,1000,2,2,0,0,16,16,11.100288,103333000,8.87779021023662,555,1.24,6.94,15.017,0.223,12.328000000000001,0.832,9.145,262144,38620281,673487,50778460,710454,77907456,58623488,10612442,673487,9,1,0,1,5.747,3.543,8.397302,0.7564940657395555
research/transport-memory/paced-results,fast1000-fine-unlimited,1000,10,100,156,4000,15600,40133,205368635,119.96,122.539,39,55,31.782,196133,0,0,16384,1,1000,1000,0,0,1000,2,2,0,0,16,16,10.252638,196133000,18.243792934043615,512,0.783,10.56,20.474,2.536,16.66,2.6159999999999997,15.584999999999999,262144,37292682,673487,37866080,710446,59131264,52512128,10612442,673487,9,1,0,1,5.977,3.644,12.217668999999999,1.1916610144628144
research/transport-memory/paced-results,fast1000-fine-rate8k,1000,10,100,156,4000,15600,40133,205131926,7474.254,13346.527,424,474,7.972,196133,0,8192,16384,1,1000,1000,0,0,1000,2,2,0,0,16,16,23.463345,196133000,7.971881447411144,1173,1.086,16.266,29.835,0.882,14.599,1.746,11.329,131072,36404187,673471,37658002,710454,52806848,50840768,10612442,673471,9,1,0,1,5.713,3.483,14.932139000000001,0.6364028232121209
research/transport-memory/paced-results,fast1000-fine-rate32k,1000,10,100,156,4000,15600,40133,205233999,1003.442,1009.974,63,75,105.71,196133,0,32768,16384,1,1000,1000,0,0,1000,2,2,0,0,16,16,11.15154,196133000,16.773199459420585,557,1.304,23.193,45.97,5.043,33.84,7.433999999999999,9.657,262144,52171310,673471,62083740,710454,93455808,59524544,10612425,673471,9,1,0,1,5.829,3.535,13.761452,1.2340405002358419
research/transport-memory/paced-results,upper2000-unlimited,2000,20,100,196,8000,19600,80133,285574909,275.322,277.841,36,44,5.591,276133,0,0,16384,1,1000,1000,0,0,1000,2,2,0,0,16,16,10.420842,276133000,25.270601935256963,521,0.677,12.13,14.832,0.367,20.021,0.386,21.267999999999997,262144,79180898,673487,86167785,710454,120358528,63325824,10612442,673487,9,1,0,1,5.969,3.685,12.874483,1.2354551580380932
research/transport-memory/paced-results,upper2000-rate8k,2000,20,100,196,8000,19600,80133,284842349,19222.6,22405.054,524,563,4.384,276133,0,8192,16384,1,1000,1000,0,0,1000,2,2,0,0,16,16,32.526137,276133000,8.096287303106639,1626,1.128,15.975,54.359,0.429,17.035,0.8720000000000001,18.189,131072,36422747,673487,37969231,710454,56739008,54084800,10612442,673487,9,1,0,1,5.974,3.618,16.277911,0.5004563253238465
research/transport-memory/paced-results,upper2000-rate32k,2000,20,100,196,8000,19600,80133,285576415,1204.256,2003.484,38,40,5.095,276133,0,32768,16384,1,1000,1000,0,0,1000,2,2,0,0,16,16,12.134119,276133000,21.70251915381801,607,1.079,16.328,22.3,0.399,25.541999999999998,1.7260000000000002,7.64,262144,53121726,673487,67458491,710454,98010624,66979328,10612442,673487,9,1,0,1,5.735,3.46,14.173304,1.1680538158559348
research/transport-memory/paced-results,normal100-rate8k-stall,100,5,20,136,400,2720,4133,32786735,61.783,63.937,52,62,8.693,31333,13600,8192,16384,1,1000,1000,0,0,1000,2,2,0,3000,16,16,10.181299,31333000,2.934937610216244,510,1.277,4.68,16.734,1.044,12.721,1.118,3009.9269999999997,132216,36421290,673471,38450565,710454,54936704,44729472,10612425,673471,9,1,0,1,5.983,3.561,6.634868,0.6516720508846662
research/transport-memory/paced-results,fast1000-fine-rate32k-stall,1000,10,100,156,4000,15600,40133,202628051,1026.395,1054.463,310,349,75.904,196133,78000,32768,16384,1,1000,1000,0,0,1000,2,2,0,3000,16,16,11.18392,196133000,16.724637220197124,559,1.634,13.927,50.015,1.052,27.148,3.93,3002.087,262144,61493083,673487,67843976,710454,103433664,62490112,10612442,673487,9,1,0,1,7.979,5.413,10.02726,0.8965783017045901
