group,case,n,request_bytes,response_bytes,items,curl_peak,tls_peak,physical_peak,cold_physical,retained_idle_physical,loaded_physical,curl_after_transfer,curl_after_easy_cleanup,curl_serviced_cache,tls_serviced_cache,cache_fds_including_captures,max_fds,application_record_bytes,completed_scratch_bytes,transfer_seconds,connections_created,max_socket_readable
results,h1-n1,1,1024,65536,1,102257,710459,3671040,1770112,3671040,3556288,101998,32662,32662,673496,9,10,48,66560,0.325792,1,0
results,h1-n100,100,1024,65536,1,7141680,16060211,33605120,1458752,20350464,26789376,7133474,199874,199874,13624874,207,307,4800,6656000,0.434284,100,65712
results,h1-n1000,1000,1024,65536,1,71150284,155603411,283232064,1458752,48957248,127796864,71065924,1729924,1729924,131364674,2007,3007,48000,66560000,1.557208,1000,65712
results,h2-n1,1,1024,65536,1,159405,710454,3671232,1475200,3671232,3622080,158684,89359,89359,673487,9,10,48,66560,0.313569,1,0
results,h2-n100,100,1024,65536,1,7705188,710454,13272576,1606272,11961856,13190656,7641185,699032,699032,673471,108,208,4800,6656000,0.366369,1,1585980
results,h2-n1000,1000,1024,65536,1,85822638,710454,107759296,1606272,30852800,107693760,80035301,10612448,10612448,673471,1008,2008,48000,66560000,0.7285349999999999,1,3924692
results,h1-cache1,1000,1024,65536,1,71150286,153742835,283920384,1639040,55625728,126355200,71065924,1729924,42613,673496,1008,3007,48000,66560000,1.6037620000000001,1000,65712
results,h1-cache16,1000,1024,65536,1,71150286,147851011,281659392,1475200,61966272,121898688,71065925,1729925,67949,2635970,1023,3007,48000,66560000,1.828062,1000,65712
results,h1-buffer1024,100,1024,1048576,1,7141592,16060211,32687680,1688192,21808704,26084928,6980552,42636,42636,2635826,123,307,4800,104960000,1.113252,100,984421
results,h1-buffer1048576,100,1024,1048576,1,8184666,16060211,33621440,1737344,24724928,27018688,8028106,1090190,1090190,2635826,123,307,4800,104960000,0.642976,100,836677
results,h1-request1048576-items1,100,1048576,65536,1,7141680,16060211,32736768,1458752,22251008,20776384,7043273,106978,57997,2635826,123,307,4800,111411200,0.987025,100,65712
results,h1-request1048576-items4096,100,1048576,65536,4096,7141680,16060211,32785920,1557120,22169088,26248704,7133473,199873,57997,2635826,123,307,4800,111411200,0.8770549999999999,100,65712
results,h1-request1024-items128,100,1024,65536,128,7141680,16060211,34211392,1622656,25347648,27657792,7133473,199873,57997,2635826,123,307,4800,6656000,0.43322799999999995,100,542
results,h1-pause-65536,8,1024,65536,1,666059,1795795,6260032,1458752,6260032,5686528,599172,44484,44484,1589250,23,31,384,532480,0.82258,8,49218
results,h1-pause-1048576,8,1024,1048576,1,666301,1795795,6112448,1655424,6112448,5555392,599190,44486,44486,1589250,23,31,384,8396800,0.837055,8,885924
results,h1-pause-16777216,8,1024,16777216,1,666721,1795795,6227200,1458752,6227200,5637376,599197,44485,44485,1589250,23,31,384,134225920,0.914995,8,2641337
results,h1-slow-pause,100,1024,65536,1,8799174,16060211,35210816,1573504,24266304,27575872,7049834,113735,57998,2635826,123,307,4800,6656000,2.449194,100,49218
results,h1-slow-write,100,1024,1048576,1,7156954,16060211,33588800,1475200,23463488,26756672,6995914,57998,57998,2635826,123,307,4800,104960000,1.6703629999999998,100,1050074
results,h1-sink-error,8,1024,65536,1,601031,1795795,5801088,1573504,5801088,5424256,597757,42796,42796,1458428,22,31,384,466944,0.318905,8,32886
results,h2-cache1,1000,1024,65536,1,85822655,710454,107791936,1524352,32949824,107628096,80035318,10612465,10612465,673487,1008,2008,48000,66560000,0.754175,1,4091911
results,h2-cache16,1000,1024,65536,1,85822621,710454,107709952,1458752,31786496,107546112,80035284,10612431,10612431,673471,1008,2008,48000,66560000,1.311696,1,4181860
results,h2-buffer1024,100,1024,1048576,1,7690047,710454,13190528,1491520,6636928,13108608,7626044,683691,683691,673487,108,208,4800,104960000,0.515908,1,1593197
results,h2-buffer1048576,100,1024,1048576,1,8737582,710454,13108480,1573440,9307456,12993792,8673579,1731226,1731226,673471,108,208,4800,104960000,0.571605,1,680
results,h2-request1048576-items1,100,1048576,65536,1,13669387,710454,19400064,1540672,15549824,19301760,13603626,6661473,6661473,673487,108,208,4800,111411200,1.099851,1,1357332
results,h2-request1048576-items4096,100,1048576,65536,4096,13669370,710454,19367168,1589888,12813568,19285248,13603609,6661456,6661456,673471,108,208,4800,111411200,1.13087,1,1097376
results,h2-request1024-items128,100,1024,65536,128,7705205,710454,13059264,1458752,9143488,12960960,7641202,699049,699049,673487,108,208,4800,6656000,0.36088699999999996,1,1055376
results,h2-pause-65536,8,1024,65536,1,1168357,710454,5112960,1589888,5112960,4310080,644645,89408,89408,673471,16,24,384,532480,0.816326,1,115094
results,h2-pause-1048576,8,1024,1048576,1,4835302,710454,8504512,1491520,8504512,4260864,644646,89393,89393,673471,16,24,384,8396800,0.845243,1,1297079
results,h2-pause-16777216,8,1024,16777216,1,67615665,710454,55559680,1589888,21988864,4392064,644689,89428,89428,673487,16,24,384,134225920,0.865589,1,952049
results,h2-slow-pause,100,1024,65536,1,10880617,710454,21480704,1475200,16254208,12993792,7641202,699049,699049,673487,108,208,4800,6656000,3.480766,1,1878725
results,h2-slow-write,100,1024,1048576,1,7705390,710454,13141120,1458752,6653056,13059200,7641387,699034,699034,673487,108,208,4800,104960000,2.425671,1,2207017
results,h2-sink-error,8,1024,65536,1,649925,710454,4392000,1458752,4392000,4326464,644869,89408,89408,673487,16,24,384,466944,0.317445,1,0
followup-results,h1-control-65536,8,1024,65536,1,601031,1795795,5866880,1475200,5866880,5457280,599173,44485,44485,1589250,23,31,384,532480,0.319239,8,65712
followup-results,h1-control-1048576,8,1024,1048576,1,601032,1795795,6506176,1573504,6506176,5981888,599189,44485,44485,1589250,23,31,384,8396800,0.326909,8,16480
followup-results,h1-control-16777216,8,1024,16777216,1,601032,1795795,6194496,1557056,6194496,5653824,599197,44485,44485,1589250,23,31,384,134225920,0.458471,8,1319470
followup-results,h1-stall1000-mode1,1000,1024,65536,1,78956538,146434661,275466176,1475200,53675968,106956544,69452165,67949,67949,2635826,1023,3007,48000,66560000,2.185004,1000,65712
followup-results,h1-stall1000-mode2,1000,1024,65536,1,87722926,139949257,297944960,1458752,84019008,108185216,69452166,67950,67950,2635970,1023,3007,48000,66560000,3.70023,1000,65712
followup-results,h2-control-65536,8,1024,65536,1,649768,710454,4260864,1557120,4260864,4146112,644645,89408,89408,673487,16,24,384,532480,0.315475,1,0
followup-results,h2-control-1048576,8,1024,1048576,1,649786,710454,4424896,1458752,4424896,4277376,644663,89410,89410,673471,16,24,384,8396800,0.334327,1,0
followup-results,h2-control-16777216,8,1024,16777216,1,649935,710454,4293696,1655424,4293696,4178944,644655,89394,89394,673471,16,24,384,134225920,0.6682189999999999,1,968455
followup-results,h2-stall1000-mode1,1000,1024,65536,1,131652524,710454,166643072,1475200,51545472,107398464,80035284,10612431,10612431,673471,1008,2008,48000,66560000,1.0803090000000002,1,4187780
followup-results,h2-stall1000-mode2,1000,1024,65536,1,108840650,710454,146491008,1475200,35079808,107546176,80035301,10612448,10612448,673487,1008,2008,48000,66560000,3.071636,1,4194693
followup-results,h1-upload16k-small,1000,1024,65536,1,21998286,155603411,211633856,1458752,57820800,127780480,21913926,1729926,67950,2635826,1023,3007,48000,66560000,1.6097679999999999,1000,65712
followup-results,h1-upload16k-large,100,1048576,65536,1,2226480,16060211,26821952,1458752,23643456,20792640,2218273,199873,57997,2635826,123,307,4800,111411200,0.57352,100,65712
followup-results,h2-upload16k-small,1000,1024,65536,1,36670621,710454,42747200,1720960,26363200,42599744,30883284,10612431,10612431,673471,1008,2008,48000,66560000,0.7315800000000001,1,4192278
followup-results,h2-upload16k-large,100,1048576,65536,1,8671747,710454,12682432,1475200,12682432,12584128,8606306,6579353,6579353,673487,108,208,4800,111411200,1.122195,1,1427864
repeat-results,h1-cache16-rep1,1000,1024,65536,1,71150285,143147689,257017600,1458752,57804544,100714112,69509564,127063,67948,2641936,1023,3007,48000,66560000,1.9689470000000002,1000,65712
repeat-results,h1-request1048576-items1-rep1,100,1048576,65536,1,7141680,16060211,33719872,1671808,27330112,27067968,6995712,57996,57996,2635826,123,307,4800,111411200,0.8367930000000001,100,65712
repeat-results,h2-cache16-rep1,1000,1024,65536,1,85822655,710454,107677184,1458752,19662336,107513344,80035318,10612465,10612465,673487,1008,2008,48000,66560000,0.6871499999999999,1,4012511
repeat-results,h2-request1048576-items1-rep1,100,1048576,65536,1,13669387,710454,19268864,1475200,12748032,19186944,13603626,6661473,6661473,673487,108,208,4800,111411200,0.9094260000000001,1,1357332
repeat-results,h2-pause-16777216-rep1,8,1024,16777216,1,67615648,710454,55231808,1540736,21431616,4260928,644672,89411,89411,673471,16,24,384,134225920,0.87254,1,1559763
repeat-results,h2-control-16777216-rep1,8,1024,16777216,1,649952,710454,4490432,1458752,4490432,4342976,644672,89411,89411,673487,16,24,384,134225920,0.648997,1,952049
repeat-results,h1-upload16k-small-rep1,1000,1024,65536,1,21998286,155603411,191449088,1475200,59656064,127862720,21499005,1302608,67949,2635826,1023,3007,48000,66560000,1.571246,1000,65712
repeat-results,h1-upload16k-large-rep1,100,1048576,65536,1,2226480,16060211,25134592,1524288,23709184,20530688,2114954,93467,57998,2635826,123,307,4800,111411200,0.577496,100,65712
repeat-results,h2-upload16k-small-rep1,1000,1024,65536,1,36670638,710454,42648896,1458752,34325824,42435904,30883301,10612448,10612448,673487,1008,2008,48000,66560000,0.699565,1,4091843
repeat-results,h2-upload16k-large-rep1,100,1048576,65536,1,8704595,710454,12731520,1557120,12731520,12633216,8639154,6612201,6612201,673487,108,208,4800,111411200,0.912998,1,1683972
repeat-results,h1-cache16-rep2,1000,1024,65536,1,71150284,155603411,270665344,1458752,65701504,127682048,70624764,1275583,67948,2635826,1023,3007,48000,66560000,1.518599,1000,65712
repeat-results,h1-request1048576-items1-rep2,100,1048576,65536,1,7141680,16060211,32621824,1458752,21644544,26903808,7035072,98532,57996,2635826,123,307,4800,111411200,0.5642180000000001,100,49232
repeat-results,h2-cache16-rep2,1000,1024,65536,1,85822655,710454,107529536,1475200,30459200,107332928,80035318,10612465,10612465,673487,1008,2008,48000,66560000,0.7154290000000001,1,4184103
repeat-results,h2-request1048576-items1-rep2,100,1048576,65536,1,13669370,710454,19137664,1458752,12633216,19055744,13603609,6661456,6661456,673471,108,208,4800,111411200,0.9497959999999999,1,1367656
repeat-results,h2-pause-16777216-rep2,8,1024,16777216,1,67615665,710454,54576576,1540736,21267904,4113408,644689,89428,89428,673487,16,24,384,134225920,0.8587480000000001,1,1493823
repeat-results,h2-control-16777216-rep2,8,1024,16777216,1,649935,710454,4293632,1655424,4293632,4228096,644655,89394,89394,673471,16,24,384,134225920,0.631019,1,755305
repeat-results,h1-upload16k-small-rep2,1000,1024,65536,1,21998285,155603411,201082752,1458752,65685376,127764224,20618325,395615,67949,2635826,1023,3007,48000,66560000,1.839645,1000,65712
repeat-results,h1-upload16k-large-rep2,100,1048576,65536,1,2226480,16060211,25757056,1458752,25150848,19940736,2087073,64753,57997,2635826,123,307,4800,111411200,0.5780730000000001,100,65712
repeat-results,h2-upload16k-small-rep2,1000,1024,65536,1,36670655,710454,43156928,1475200,17663424,42878400,30883318,10612465,10612465,673487,1008,2008,48000,66560000,0.69149,1,4186840
repeat-results,h2-upload16k-large-rep2,100,1048576,65536,1,8688154,710454,12649600,1458752,12649600,12502144,8622713,6595760,6595760,673471,108,208,4800,111411200,0.8947780000000001,1,1490527
repeat-results,h1-cache16-rep3,1000,1024,65536,1,71150285,155603411,274302848,1606272,63899520,127764096,69619445,240227,67949,2635826,1023,3007,48000,66560000,2.146826,1000,65712
repeat-results,h1-request1048576-items1-rep3,100,1048576,65536,1,7141680,16060211,33965440,1458752,23659904,27673984,7013752,76575,57996,2635826,123,307,4800,111411200,0.561271,100,65712
repeat-results,h2-cache16-rep3,1000,1024,65536,1,85822638,710454,107677056,1458752,31409536,107496832,80035301,10612448,10612448,673487,1008,2008,48000,66560000,0.698236,1,4187772
repeat-results,h2-request1048576-items1-rep3,100,1048576,65536,1,13669387,710454,19203328,1458752,15353088,19121408,13603626,6661473,6661473,673487,108,208,4800,111411200,0.928312,1,1376255
repeat-results,h2-pause-16777216-rep3,8,1024,16777216,1,67615630,710454,54527296,1524288,21218624,4195328,644654,89393,89393,673471,16,24,384,134225920,0.8581259999999999,1,1214955
repeat-results,h2-control-16777216-rep3,8,1024,16777216,1,649935,710454,4047744,1458752,4047744,3867456,644655,89394,89394,673471,16,24,384,134225920,0.6177199999999999,1,952049
repeat-results,h1-upload16k-small-rep3,1000,1024,65536,1,21998286,144711927,174983040,1475200,61196032,100812480,21197245,991832,67949,2635970,1023,3007,48000,66560000,1.510311,1000,65712
repeat-results,h1-upload16k-large-rep3,100,1048576,65536,1,2226480,16060211,25937152,1458752,22185216,19498240,2218273,199873,57997,2635826,123,307,4800,111411200,0.554882,100,16420
repeat-results,h2-upload16k-small-rep3,1000,1024,65536,1,36670638,710454,42730688,1458752,17597632,42452160,30883301,10612448,10612448,673487,1008,2008,48000,66560000,0.654738,1,3037105
repeat-results,h2-upload16k-large-rep3,100,1048576,65536,1,8655306,710454,12485632,1458752,12485632,12338176,8589865,6562912,6562912,673471,108,208,4800,111411200,0.8406149999999999,1,1488239
sanitizer-results,h1-n1,1,1024,65536,1,102462,710459,30194944,22144768,30194944,29981952,102203,32848,32848,673496,9,10,48,66560,0.31459899999999996,1,0
sanitizer-results,h2-n1,1,1024,65536,1,159592,710454,30244160,22193920,30244160,30080320,158871,89527,89527,673471,9,10,48,66560,0.316532,1,0
sanitizer-results,h1-sink-error,8,1024,65536,1,602398,1795795,35749184,22112000,35749184,35093824,598976,43863,43863,1458428,22,31,384,466944,0.32294500000000004,8,49218
sanitizer-results,h2-pause-16777216,8,1024,16777216,1,67615985,710454,183893696,22210304,183893696,30899520,645009,89596,89596,673487,16,24,384,134225920,0.873074,1,2117898
sanitizer-results,h2-sink-error,8,1024,65536,1,650262,710454,31063296,22210304,31063296,30850304,645206,89593,89593,673487,16,24,384,466944,0.318668,1,115094
